step,loss,lr
1,0.6981,1.0000000000000002e-06
1000,0.4351,9.090909090909092e-05
